<?xml version="1.0" encoding="UTF-8"?>
<colors>

  <color name="back_start" value="85,85,85"/>
  <color name="back_end" value="51,51,51"/>
  <color name="clsn1" value="255,0,0"/>
  <color name="clsn2" value="0,0,255"/>
  <color name="clsn1def" value="128,0,0"/>
  <color name="clsn2def" value="0,0,128"/>
  <color name="block_range" value="25,25,25"/>
  <color name="line" value="10,10,10"/>
  <color name="paren" value="255,0,0"/>
  <color name="paren_range" value="25,25,25"/>
  <color name="comment" bold="false" italic="true" value="128,128,128"/>
  <color name="block" bold="true" italic="false" value="0,255,0"/>
  <color name="number" bold="false" italic="false" value="255,0,0"/>
  <color name="string" bold="false" italic="false" value="0,255,255"/>
  <color name="keyword" bold="true" italic="false" value="255,255,255"/>
  <color name="value" bold="false" italic="false" value="255,0,255"/>
  <color name="controller" bold="true" italic="false" value="255,85,0"/>
  <color name="trigger" bold="true" italic="false" value="255,255,0"/>
  <color name="const" bold="false" italic="false" value="255,0,128"/>

</colors>