<?xml version="1.0" encoding="UTF-8"?>
<preset iconset="Nuvola" stylesheet="Light" colorset="Light" panel-metric="246,0,30" extra-metric="225,0,30">

  <toolbar name="main" iconsize="32">
    <button name="file_new"/>
    <button name="file_close"/>
    <button name="file_open"/>
    <button name="file_save"/>
    <separator/>
    <button name="file_load_backup"/>
    <button name="file_backup"/>
    <separator/>
    <button name="file_run_mugen"/>
    <separator/>
    <button name="editor_def"/>
    <button name="editor_sff"/>
    <button name="editor_air"/>
    <button name="editor_cmd"/>
    <button name="editor_st"/>
    <button name="editor_snd"/>
    <button name="editor_bg"/>
    <button name="ref_docs"/>
    <separator/>
    <button name="tools_options"/>
  </toolbar>

  <toolbar name="extra" iconsize="22">
    <button name="editor_new"/>
    <button name="editor_open"/>
    <button name="editor_save"/>
    <button name="editor_saveas"/>
    <separator/>
    <button name="edit_undo"/>
    <button name="edit_redo"/>
    <separator/>
    <button name="edit_cut"/>
    <button name="edit_copy"/>
    <button name="edit_paste"/>
    <separator/>
    <button name="edit_find_replace"/>
  </toolbar>

  <toolbar name="text">
    <button name="edit_find_replace_multi"/>
    <separator/>
    <button name="txt_goto"/>
    <button name="txt_prev_error"/>
    <button name="txt_next_error"/>
    <button name="txt_comment"/>
  </toolbar>

  <toolbar name="animsprites">
    <separator/>
    <button name="view_organizer"/>
    <button name="view_issues"/>
    <separator/>
    <button name="view_zoomreset"/>
    <button name="view_zoomout"/>
    <button name="view_zoomin"/>
    <button name="view_center_axis"/>
    <button name="view_guide_lines"/>
    <button name="view_attack_clsn"/>
    <button name="view_collision_clsn"/>
    <button name="view_default_clsn1"/>
    <button name="view_default_clsn2"/>
  </toolbar>

  <toolbar name="bgs">
    <separator/>
    <button name="view_organizer"/>
    <separator/>
    <button name="view_zoomreset"/>
    <button name="view_zoomout"/>
    <button name="view_zoomin"/>
  </toolbar>

  <panel name="definitions">
    <control name="def_tree" position="8,8" size="225,390"/>
  </panel>

  <panel name="sprites">
    <control name="spr_add" position="8,8" size="26,26" flat="true" icon="22"/>
    <control name="spr_delete" position="34,8" size="26,26" flat="true" icon="22"/>
    <control name="spr_duplicate" position="60,8" size="26,26" flat="true" icon="22"/>
    <control name="spr_delete_grp" position="94,8" size="26,26" flat="true" icon="22"/>
    <control name="spr_rename_grp" position="120,8" size="26,26" flat="true" icon="22"/>
    <control name="spr_openimg" flat="true" position="152,8" size="26,26" icon="22"/>
    <control name="spr_saveimg" flat="true" position="180,8" size="26,26" icon="22"/>
    <control name="spr_edit_img" flat="true" position="206,8" size="26,26" icon="22"/>

    <control name="spr_sel" orientation="horizontal" position="8,42" size="225,16"/>
    <control name="spr_sel_lb" align="center,top" position="8,66" size="225,14"/>
    <control name="spr_prev_grp" position="8,96" size="26,26" flat="true" icon="22"/>
    <control name="spr_grp_lb" align="left,top" position="40,80" size="72,14"/>
    <control name="spr_grp" position="40,98" size="72,22"/>
    <control name="spr_next_grp" position="120,96" size="26,26" flat="true" icon="22"/>
    <control name="spr_num_lb" align="left,top" position="152,80" size="80,14"/>
    <control name="spr_num" position="152,98" size="80,22"/>
    <control name="spr_pos_left" position="140,136" size="30,30" flat="true" icon="22"/>
    <control name="spr_pos_up" position="170,122" size="30,30" flat="true" icon="22"/>
    <control name="spr_pos_right" position="200,136" size="30,30" flat="true" icon="22"/>
    <control name="spr_pos_down" position="170,152" size="30,30" flat="true" icon="22"/>
    <control name="spr_xaxis_lb" align="left,top" position="8,132" size="34,14"/>
    <control name="spr_xaxis" position="48,128" size="80,22"/>
    <control name="spr_yaxis_lb" align="left,top" position="8,156" size="34,14"/>
    <control name="spr_yaxis" position="48,154" size="80,22"/>
    <control name="spr_dec_load" position="8,182" size="180,16"/>
    <control name="spr_switch_pal" position="8,198" size="225,16"/>
    <control name="spr_trans_color" position="8,214" size="225,16"/>
    <control name="spr_info_lb" align="center,top" position="8,236" size="225,14"/>
    <control name="spr_onion_skin" position="8,258" size="225,16"/>
    <control name="spr_onion_sel" orientation="horizontal" position="8,276" size="225,16"/>
    <control name="spr_onion_lb" align="center,top" position="8,296" size="225,14"/>
  </panel>

  <panel name="palettes" parent="extra">
    <control name="pal_add" flat="true" position="8,8" size="26,26" icon="22"/>
    <control name="pal_delete" flat="true" position="34,8" size="26,26" icon="22"/>
    <control name="pal_open" flat="true" position="60,8" size="26,26" icon="22"/>
    <control name="pal_save" flat="true" position="86,8" size="26,26" icon="22"/>
    <control name="pal_undo" flat="true" position="112,8" size="26,26" icon="22"/>
    <control name="pal_redo" flat="true" position="138,8" size="26,26" icon="22"/>

    <control name="pal_switch_count" flat="true" position="8,34" size="26,26" icon="22"/>
    <control name="pal_switch_color" flat="true" position="34,34" size="26,26" icon="22"/>
    <control name="pal_pick_color" flat="true" position="60,34" size="26,26" icon="22"/>
    <control name="pal_set_color" flat="true" position="86,34" size="26,26" icon="22"/>
    <control name="pal_remap" flat="true" position="112,34" size="26,26" icon="22"/>
    <control name="pal_apply_sprite" flat="true" position="138,34" size="26,26" icon="22"/>

    <control name="pal_advanced" flat="true" position="162,10" size="48,48" icon="32"/>

    <control name="pal_sel" orientation="horizontal" position="8,72" size="208,16"/>
    <control name="pal_sel_lb" align="center,top" position="8,96" size="208,12"/>
    <control name="pal_grp_lb" align="left,top" position="8,112" size="98,20"/>
    <control name="pal_grp" position="8,128" size="98,22"/>
    <control name="pal_num_lb" align="left,top" position="112,112" size="98,20"/>
    <control name="pal_num" position="112,128" size="98,22"/>
    <control name="pal_view" position="14,162" size="192,192"/>
  </panel>

  <panel name="animations">
    <control name="air_add" position="8,8" size="26,26" flat="true" icon="22"/>
    <control name="air_delete" position="34,8" size="26,26" flat="true" icon="22"/>
    <control name="air_duplicate" position="60,8" size="26,26" flat="true" icon="22"/>
    <control name="air_edit_text" position="94,8" size="26,26" flat="true" icon="22"/>
    <control name="air_save_gif" position="120,8" size="26,26" flat="true" icon="22"/>
    <control name="air_play" flat="true" position="152,8" size="26,26" icon="22"/>
    <control name="air_stop" flat="true" position="180,8" size="26,26" icon="22"/>
    <control name="air_text_mode" flat="true" position="208,8" size="26,26" icon="22"/>

    <control name="air_sel" orientation="horizontal" position="8,42" size="225,16"/>
    <control name="air_sel_lb" align="center,top" position="8,62" size="225,14"/>
    <control name="air_number_lb" align="left,top" position="8,76" size="80,14"/>
    <control name="air_number" position="8,94" size="80,22"/>
    <control name="air_name_lb" align="left,top" position="96,76" size="136,14"/>
    <control name="air_name" position="96,94" size="136,22"/>

    <control name="air_frame_lb" align="center,top" position="8,120" size="225,14"/>
    <control name="air_frame_add" position="182,158" size="26,26" flat="true" icon="22"/>
    <control name="air_frame_delete" position="208,158" size="26,26" flat="true" icon="22"/>
    <control name="air_frame_sel" orientation="horizontal" position="8,138" size="225,16"/>
    <control name="air_frame_sel_lb" align="center,top" position="8,158" size="166,14"/>
    <control name="air_frame_grp_lb" align="left,top" position="8,176" size="65,14"/>
    <control name="air_frame_grp" position="8,194" size="65,22"/>
    <control name="air_frame_num_lb" align="left,top" position="80,176" size="65,14"/>
    <control name="air_frame_num" position="80,194" size="65,22"/>
    <control name="air_frame_xaxis_lb" align="left,top" position="8,220" size="60,14"/>
    <control name="air_frame_xaxis" position="8,236" size="60,22"/>
    <control name="air_frame_yaxis_lb" align="left,top" position="75,220" size="60,14"/>
    <control name="air_frame_yaxis" position="75,236" size="60,22"/>

    <control name="air_pos_left" position="140,222" size="30,30" flat="true" icon="22"/>
    <control name="air_pos_up" position="170,208" size="30,30" flat="true" icon="22"/>
    <control name="air_pos_right" position="200,222" size="30,30" flat="true" icon="22"/>
    <control name="air_pos_down" position="170,238" size="30,30" flat="true" icon="22"/>

    <control name="air_frame_time_lb" align="left,top" position="8,264" size="78,14"/>
    <control name="air_frame_time" position="8,280" size="78,22"/>
    <control name="air_frameall_time" position="90,278" size="26,26" flat="true" icon="22"/>
    <control name="air_frame_flip_lb" align="left,top" position="124,264" size="78,14"/>
    <control name="air_frame_flip" position="124,280" size="78,22"/>
    <control name="air_frameall_flip" position="206,278" size="26,26" flat="true" icon="22"/>
    <control name="air_frame_trans_lb" align="left,top" position="8,306" size="80,14"/>
    <control name="air_frame_trans" position="8,322" size="80,22"/>
    <control name="air_frame_transsrc_lb" align="left,top" position="95,306" size="50,14"/>
    <control name="air_frame_transsrc" position="95,322" size="50,22"/>
    <control name="air_frame_transdst_lb" align="left,top" position="152,306" size="50,14"/>
    <control name="air_frame_transdst" position="152,322" size="50,22"/>
    <control name="air_frameall_trans" position="206,320" size="26,26" flat="true" icon="22"/>
    <control name="air_frame_loop" position="8,350" size="255,14"/>
    <control name="air_frame_xscale_lb" position="8,368" size="64,14" align="left,top"/>
    <control name="air_frame_xscale" position="8,384" size="64,22"/>
    <control name="air_frame_yscale_lb" position="80,368" size="64,14" align="left,top"/>
    <control name="air_frame_yscale" position="80,384" size="64,22"/>
    <control name="air_frame_angle_lb" position="152,368" size="64,14" align="left,top"/>
    <control name="air_frame_angle" position="152,384" size="64,22"/>
    <control name="air_frame_intp" position="8,412" size="209,14" align="center,top"/>
    <control name="air_frame_intp_blend" position="8,428" size="101,14"/>
    <control name="air_frame_intp_offset" position="116,428" size="101,14"/>
    <control name="air_frame_intp_scale" position="8,444" size="101,14"/>
    <control name="air_frame_intp_angle" position="116,444" size="101,14"/>

    <control name="air_clsn_add1" position="8,460" size="28,28" flat="true" icon="25"/>
    <control name="air_clsn_add2" position="36,460" size="28,28" flat="true" icon="25"/>
    <control name="air_clsn_del" position="64,460" size="28,28" flat="true" icon="25"/>
    <control name="air_clsn_delall" position="92,460" size="28,28" flat="true" icon="25"/>
    <control name="air_clsn_delall_anim" position="120,460" size="28,28" flat="true" icon="25"/>
    <control name="air_clsn_prev" position="148,460" size="28,28" flat="true" icon="25"/>
    <control name="air_clsn_type" position="176,460" size="28,28" flat="true" icon="25"/>
    <control name="air_clsn_default" position="204,460" size="28,28" flat="true" icon="25"/>
  </panel>

  <panel name="thumbnails" parent="extra">
    <control name="thumb_grp_list" position="8,8" size="76,22"/>
    <control name="thumb_add" flat="true" position="86,8" size="26,26" icon="22"/>
    <control name="thumb_add_all" flat="true" position="112,8" size="26,26" icon="22"/>
    <control name="thumb_new" flat="true" position="138,8" size="26,26" icon="22"/>
    <control name="thumb_new_all" flat="true" position="164,8" size="26,26" icon="22"/>
    <control name="thumb_save" flat="true" position="190,8" size="26,26" icon="22"/>
    <control name="thumb_view" position="8,38" size="206,370"/>

    <control name="spr_trans_color" position="8,416" size="209,16"/>
    <control name="spr_onion_skin" position="8,432" size="209,16"/>
    <control name="spr_onion_sel" orientation="horizontal" position="8,450" size="209,16"/>
    <control name="spr_onion_lb" align="center,top" position="8,470" size="209,14"/>
  </panel>

  <panel name="commands">
    <control name="cmd_tree" position="8,8" size="225,390"/>
  </panel>

  <panel name="states">
    <control name="st_palfx" position="8,8" size="26,26" flat="true" icon="22"/>
    <control name="st_offset" position="34,8" size="26,26" flat="true" icon="22"/>
    <control name="st_throw" position="60,8" size="26,26" flat="true" icon="22"/>
    <control name="st_var_log" position="86,8" size="26,26" flat="true" icon="22"/>
    <control name="st_var_list" position="112,8" size="26,26" flat="true" icon="22"/>

    <control name="st_tree" position="8,40" size="225,350"/>
  </panel>

  <panel name="sounds">
    <control name="snd_add" position="8,8" size="26,26" flat="true" icon="22"/>
    <control name="snd_delete" position="34,8" size="26,26" flat="true" icon="22"/>
    <control name="snd_duplicate" position="60,8" size="26,26" flat="true" icon="22"/>
    <control name="snd_openwav" position="94,8" size="26,26" flat="true" icon="22"/>
    <control name="snd_savewav" position="120,8" size="26,26" flat="true" icon="22"/>
    <control name="snd_play" flat="true" position="152,8" size="26,26" icon="22"/>
    <control name="snd_play_loop" flat="true" position="180,8" size="26,26" icon="22"/>
    <control name="snd_stop" flat="true" position="206,8" size="26,26" icon="22"/>

    <control name="snd_sel" orientation="horizontal" position="8,42" size="225,16"/>
    <control name="snd_sel_lb" align="center,top" position="8,66" size="225,14"/>
    <control name="snd_prev_grp" position="8,96" size="26,26" flat="true" icon="22"/>
    <control name="snd_grp_lb" align="left,top" position="40,80" size="72,14"/>
    <control name="snd_grp" position="40,98" size="72,22"/>
    <control name="snd_next_grp" position="120,96" size="26,26" flat="true" icon="22"/>
    <control name="snd_num_lb" align="left,top" position="152,80" size="80,14"/>
    <control name="snd_num" position="152,98" size="80,22"/>
    <control name="snd_info_lb" align="left,top" position="8,128" size="225,50"/>
  </panel>

  <panel name="backgrounds">
    <control name="bg_add" position="8,8" size="26,26" flat="true" icon="22"/>
    <control name="bg_delete" position="34,8" size="26,26" flat="true" icon="22"/>

    <control name="bg_play" flat="true" position="124,8" size="26,26" icon="22"/>
    <control name="bg_step" flat="true" position="152,8" size="26,26" icon="22"/>
    <control name="bg_pause" flat="true" position="180,8" size="26,26" icon="22"/>
    <control name="bg_stop" flat="true" position="206,8" size="26,26" icon="22"/>

    <control name="bg_sel" orientation="horizontal" position="8,42" size="225,16"/>
    <control name="bg_sel_lb" align="center,top" position="8,62" size="225,14"/>
    <control name="bg_type_lb" align="left,top" position="8,80" size="75,14"/>
    <control name="bg_type" position="8,98" size="75,22"/>
    <control name="bg_layer_lb" align="left,top" position="90,80" size="90,14"/>
    <control name="bg_layer" position="90,98" size="90,22"/>
    <control name="bg_id_lb" align="left,top" position="186,80" size="45,14"/>
    <control name="bg_id" position="186,98" size="45,22"/>
    <control name="bg_spr_grp_lb" align="left,top" position="8,124" size="70,14"/>
    <control name="bg_spr_grp" position="8,142" size="70,22"/>
    <control name="bg_spr_idx_lb" align="left,top" position="85,124" size="70,14"/>
    <control name="bg_spr_idx" position="85,142" size="70,22"/>
    <control name="bg_anim_lb" align="left,top" position="162,124" size="70,14"/>
    <control name="bg_anim" position="162,142" size="70,22"/>

    <control name="bg_startx_lb" align="left,top" position="8,168" size="70,14"/>
    <control name="bg_startx" position="8,186" size="70,22"/>
    <control name="bg_deltax_lb" align="left,top" position="85,168" size="70,14"/>
    <control name="bg_deltax" position="85,186" size="70,22"/>
    <control name="bg_velx_lb" align="left,top" position="162,168" size="70,14"/>
    <control name="bg_velx" position="162,186" size="70,22"/>
    <control name="bg_starty_lb" align="left,top" position="8,212" size="70,14"/>
    <control name="bg_starty" position="8,230" size="70,22"/>
    <control name="bg_deltay_lb" align="left,top" position="85,212" size="70,14"/>
    <control name="bg_deltay" position="85,230" size="70,22"/>
    <control name="bg_vely_lb" align="left,top" position="162,212" size="70,14"/>
    <control name="bg_vely" position="162,230" size="70,22"/>

    <control name="bg_tilex_lb" align="left,top" position="8,256" size="45,14"/>
    <control name="bg_tilex" position="8,274" size="45,22"/>
    <control name="bg_tilespcx_lb" align="left,top" position="58,256" size="60,14"/>
    <control name="bg_tilespcx" position="58,274" size="60,22"/>
    <control name="bg_tiley_lb" align="left,top" position="123,256" size="45,14"/>
    <control name="bg_tiley" position="123,274" size="45,22"/>
    <control name="bg_tilespcy_lb" align="left,top" position="173,256" size="60,14"/>
    <control name="bg_tilespcy" position="173,274" size="60,22"/>

    <control name="bg_trans_lb" align="left,top" position="8,300" size="110,14"/>
    <control name="bg_trans" position="8,316" size="110,22"/>
    <control name="bg_trans_src_lb" align="left,top" position="125,300" size="50,14"/>
    <control name="bg_trans_src" position="125,316" size="50,22"/>
    <control name="bg_trans_dst_lb" align="left,top" position="182,300" size="50,14"/>
    <control name="bg_trans_dst" position="182,316" size="50,22"/>

    <control name="bg_sinx_ampl_lb" align="left,top" position="8,344" size="80,14"/>
    <control name="bg_sinx_ampl" position="8,360" size="80,22"/>
    <control name="bg_sinx_period_lb" align="left,top" position="95,344" size="65,14"/>
    <control name="bg_sinx_period" position="95,360" size="65,22"/>
    <control name="bg_sinx_phase_lb" align="left,top" position="166,344" size="65,14"/>
    <control name="bg_sinx_phase" position="166,360" size="65,22"/>
    <control name="bg_siny_ampl_lb" align="left,top" position="8,388" size="80,14"/>
    <control name="bg_siny_ampl" position="8,404" size="80,22"/>
    <control name="bg_siny_period_lb" align="left,top" position="95,388" size="65,14"/>
    <control name="bg_siny_period" position="95,404" size="65,22"/>
    <control name="bg_siny_phase_lb" align="left,top" position="166,388" size="65,14"/>
    <control name="bg_siny_phase" position="166,404" size="65,22"/>

    <control name="bg_mask" position="8,432" size="120,14"/>
    <control name="bg_poslink" position="80,432" size="120,14"/>

    <control name="bg_xscale_top_lb" align="left,top" position="8,450" size="54,14"/>
    <control name="bg_xscale_top" position="8,468" size="54,22"/>
    <control name="bg_xscale_bot_lb" align="left,top" position="65,450" size="54,14"/>
    <control name="bg_xscale_bot" position="65,468" size="54,22"/>
    <control name="bg_yscale_start_lb" align="left,top" position="123,450" size="54,14"/>
    <control name="bg_yscale_start" position="123,468" size="54,22"/>
    <control name="bg_yscale_delta_lb" align="left,top" position="180,450" size="54,14"/>
    <control name="bg_yscale_delta" position="180,468" size="54,22"/>
  </panel>

  <panel name="stage" parent="extra">
    <control name="stg_zoffset_lb" align="left,top" position="8,8" size="65,14"/>
    <control name="stg_zoffset" position="8,26" size="65,22"/>
    <control name="stg_zoffsetlink_lb" align="left,top" position="8,52" size="65,14"/>
    <control name="stg_zoffsetlink" position="8,70" size="65,22"/>
    <control name="stg_xscale_lb" align="left,top" position="79,8" size="65,14"/>
    <control name="stg_xscale" position="79,26" size="65,22"/>
    <control name="stg_yscale_lb" align="left,top" position="150,8" size="65,14"/>
    <control name="stg_yscale" position="150,26" size="65,22"/>
    <control name="stg_coordx_lb" align="left,top" position="79,52" size="65,14"/>
    <control name="stg_coordx" position="79,70" size="65,22"/>
    <control name="stg_coordy_lb" align="left,top" position="150,52" size="65,14"/>
    <control name="stg_coordy" position="150,70" size="65,22"/>
    <control name="stg_resetbg" position="8,92" size="65,22"/>

    <control name="stg_boundleft_lb" align="left,top" position="8,114" size="65,14"/>
    <control name="stg_boundleft" position="8,132" size="65,22"/>
    <control name="stg_boundright_lb" align="left,top" position="79,114" size="65,14"/>
    <control name="stg_boundright" position="79,132" size="65,22"/>
    <control name="stg_boundhigh_lb" align="left,top" position="150,114" size="65,14"/>
    <control name="stg_boundhigh" position="150,132" size="65,22"/>
    <control name="stg_vertfollow_lb" align="left,top" position="8,158" size="65,14"/>
    <control name="stg_vertfollow" position="8,176" size="65,22"/>
    <control name="stg_floortension_lb" align="left,top" position="79,158" size="65,14"/>
    <control name="stg_floortension" position="79,176" size="65,22"/>
    <control name="stg_tension_lb" align="left,top" position="150,158" size="65,14"/>
    <control name="stg_tension" position="150,176" size="65,22"/>

    <control name="stg_p1start_lb" align="left,top" position="8,220" size="65,14"/>
    <control name="stg_p1start" position="8,238" size="65,22"/>
    <control name="stg_p2start_lb" align="left,top" position="79,220" size="65,14"/>
    <control name="stg_p2start" position="79,238" size="65,22"/>
  </panel>

  <panel name="organizer" parent="extra">
    <control name="org_up" flat="true" position="8,8" size="26,26" icon="22"/>
    <control name="org_down" flat="true" position="34,8" size="26,26" icon="22"/>
    <control name="org_up_10" flat="true" position="60,8" size="26,26" icon="22"/>
    <control name="org_down_10" flat="true" position="86,8" size="26,26" icon="22"/>
    <control name="org_top" flat="true" position="118,8" size="26,26" icon="22"/>
    <control name="org_bottom" flat="true" position="138,8" size="26,26" icon="22"/>
    <control name="org_auto" flat="true" position="164,8" size="26,26" icon="22"/>
    <control name="org_palette" flat="true" position="190,8" size="26,26" icon="22"/>
    <control name="org_list" position="8,38" size="206,360"/>
  </panel>

</preset>
