<?xml version="1.0" encoding="UTF-8"?>
<shortcuts>
    <shortcut action="file_new" keys="Ctrl+N"/>
    <shortcut action="file_open" keys="Ctrl+O"/>
    <shortcut action="file_close" keys="Ctrl+W"/>
    <shortcut action="file_save" keys="Ctrl+S"/>
    <shortcut action="file_backup" keys="Ctrl+B"/>
    <shortcut action="file_run_mugen" keys="Ctrl+M"/>
    <shortcut action="edit_undo" keys="Ctrl+Z"/>
    <shortcut action="edit_redo" keys="Ctrl+Y"/>
    <shortcut action="edit_cut" keys="Ctrl+X"/>
    <shortcut action="edit_copy" keys="Ctrl+C"/>
    <shortcut action="edit_paste" keys="Ctrl+V"/>
    <shortcut action="edit_find_replace" keys="Ctrl+F"/>
    <shortcut action="view_zoomreset" keys="Ctrl+0"/>
    <shortcut action="view_zoomout" keys="Ctrl+-"/>
    <shortcut action="view_zoomin" keys="Ctrl++"/>
    <shortcut action="tools_options" keys="Ctrl+K"/>
    <shortcut action="help_about" keys="F1"/>
    <shortcut action="editor_new" keys="Ctrl+Shift+N"/>
    <shortcut action="editor_open" keys="Ctrl+Shift+O"/>
    <shortcut action="editor_save" keys="Ctrl+Shift+S"/>
    <shortcut action="txt_comment" keys="Ctrl+;"/>
    <shortcut action="editor_def" keys="Ctrl+1"/>
    <shortcut action="spr_add" keys="Ctrl+A"/>
    <shortcut action="spr_delete" keys="Ctrl+Del"/>
    <shortcut action="spr_openimg" keys="Ctrl+Shift+C"/>
    <shortcut action="spr_duplicate" keys="Ctrl+D"/>
    <shortcut action="spr_export" keys="Ctrl+E"/>
    <shortcut action="spr_import" keys="Ctrl+I"/>
    <shortcut action="spr_import_proj" keys="Ctrl+Shift+I"/>
    <shortcut action="spr_prev" keys="Ctrl+Left"/>
    <shortcut action="spr_next" keys="Ctrl+Right"/>
    <shortcut action="editor_sff" keys="Ctrl+2"/>
    <shortcut action="air_add" keys="Ctrl+A"/>
    <shortcut action="air_delete" keys="Ctrl+Del"/>
    <shortcut action="air_duplicate" keys="Ctrl+D"/>
    <shortcut action="air_play" keys="Ctrl+Shift+P"/>
    <shortcut action="air_stop" keys="Ctrl+Shift+T"/>
    <shortcut action="air_frame_add" keys="Ctrl+Shift+A"/>
    <shortcut action="air_frame_delete" keys="Ctrl+Shift+Del"/>
    <shortcut action="air_import_proj" keys="Ctrl+Shift+I"/>
    <shortcut action="air_prev_anim" keys="Ctrl+Left"/>
    <shortcut action="air_next_anim" keys="Ctrl+Right"/>
    <shortcut action="air_prev_frame" keys="Ctrl+Shift+Left"/>
    <shortcut action="air_next_frame" keys="Ctrl+Shift+Right"/>
    <shortcut action="editor_air" keys="Ctrl+3"/>
    <shortcut action="editor_cmd" keys="Ctrl+5"/>
    <shortcut action="st_var_list" keys="Ctrl+Shift+V"/>
    <shortcut action="st_palfx" keys="Ctrl+Shift+P"/>
    <shortcut action="st_offset" keys="Ctrl+Shift+F"/>
    <shortcut action="st_throw" keys="Ctrl+Shift+T"/>
    <shortcut action="editor_st" keys="Ctrl+4"/>
    <shortcut action="snd_add" keys="Ctrl+A"/>
    <shortcut action="snd_delete" keys="Ctrl+Del"/>
    <shortcut action="snd_openwav" keys="Ctrl+Shift+C"/>
    <shortcut action="snd_duplicate" keys="Ctrl+D"/>
    <shortcut action="snd_play" keys="Ctrl+Shift+P"/>
    <shortcut action="snd_play_loop" keys="Ctrl+Shift+L"/>
    <shortcut action="snd_stop" keys="Ctrl+Shift+T"/>
    <shortcut action="snd_export" keys="Ctrl+E"/>
    <shortcut action="snd_import" keys="Ctrl+I"/>
    <shortcut action="snd_import_proj" keys="Ctrl+Shift+I"/>
    <shortcut action="snd_prev" keys="Ctrl+Left"/>
    <shortcut action="snd_next" keys="Ctrl+Right"/>
    <shortcut action="editor_snd" keys="Ctrl+6"/>
    <shortcut action="pal_add" keys="Ctrl+Shift+A"/>
    <shortcut action="pal_delete" keys="Ctrl+Shift+Del"/>
    <shortcut action="pal_advanced" keys="Ctrl+P"/>
    <shortcut action="pal_prev" keys="Ctrl+Shift+Left"/>
    <shortcut action="pal_next" keys="Ctrl+Shift+Right"/>
</shortcuts>
